Word,AoALikert,Frequency
Abend,1.84,0.06872671851991019
Abendrot,2.37,0.0002656043542165056
Abfall,2.35,0.00412513361837042
Abschied,2.47,0.009571064828718187
Achtung,2.59,0.005546108809381652
Adler,2.86,0.005557593401805276
Adresse,2.85,0.018246713496327175
Affe,1.79,0.002569040808230044
Alphabet,2.94,0.0008353420178771574
Alter,2.14,0.04153489679079273
Ameise,2.25,0.0008808751852179958
Ampel,2.1,0.004217126129860455
Amsel,2.385,0.00045268049229446367
Anfang,2.47,0.07021090527809176
Angel,2.53,0.003550487217625478
Angeln,2.8,1.803729334274761e-05
Angler,2.67,0.001268711723717383
Anker,2.67,0.0019043584445027216
Anorak,3.0,0.00018032662458705828
Anruf,2.61,0.007565081633918521
Antwort,1.74,0.05388380898918499
Apfel,1.6949999999999998,0.005833478318594542
April,2.64,0.08203239451575517
Arbeit,2.56,0.13885251972652407
Arbeiter,2.54,0.012396031443517409
Arm,1.5,0.008741789268935766
Arzt,2.235,0.04474661168634152
Asche,2.89,0.002319227768596021
Aufgabe,2.83,0.057934373797272586
Aufkleber,2.5,0.0014623289855043606
Auge,1.58,0.05372373090507063
August,2.5,0.08288424563524129
Ausflug,2.5,0.010566403890238971
Auto,1.595,0.06602349784656945
Baby,1.88,0.01068322951740307
Bach,2.29,0.013414432307566277
Backe,2.08,0.0019366704379042675
Bad,1.6,0.10538168232515206
Badeanzug,2.4,0.0003794546383837585
Bagger,1.71,0.0023954289655035723
Balkon,2.43,0.005791094152402116
Ball,1.47,0.029885803788794827
Ballon,2.05,0.001546680538325451
Banane,2.26,0.0021263398710456246
Band,2.69,0.045998385951676074
Bank,2.1,0.05412919953455911
Bauarbeiter,2.75,0.0019900529536959295
Bauch,1.42,0.005872655597588032
Bauchweh,1.89,0.00015447471442380062
Bauer,2.2,0.021366424303175827
Baum,1.69,0.030037766248625957
Becher,1.72,0.002438565650352788
Beginn,2.5,0.05404810117777737
Bein,1.71,0.018394554469361123
Beispiel,2.87,0.09877649033541447
Besen,2.11,0.0009232477742003169
Besteck,2.37,0.0007141054736632595
Besuch,2.21,0.037832759698008936
Beton,2.82,0.002758108226445969
Bett,1.25,0.015215278916525026
Bettchen,1.85,0.00023066433412124738
Bettler,2.81,0.0006817008625808779
Beule,2.29,0.00042931768230366476
Beutel,2.8,0.002011598141700328
Bewegung,2.64,0.024190661553738467
Biber,2.895,0.0011981486281307033
Biene,1.845,0.0031809195166709278
Bild,1.85,0.13454388732799796
Birne,2.205,0.0015954321700753292
Blaubeere,2.8,0.00024334137918563032
Blick,2.69,0.06597893716487739
Blindekuh,2.62,1.6775377441361546e-05
Blitz,2.0,0.0028031088421220027
Block,3.0,0.0065735862061524165
Blume,1.71,0.009906664995226253
Blumenkohl,2.85,0.0003935441030808855
Bluse,2.71,0.001817332556147501
Blüte,2.6,0.0058381439342666385
Boden,1.92,0.03266098840014487
Bogen,3.0,0.005175904361871357
Bohne,2.58,0.001927709677283416
Bohrer,2.86,0.0005962263203796547
Bonbon,1.82,0.0009819094977996123
Boot,1.935,0.011214090909532948
Brei,1.5,0.0008285577727559443
Brezel,2.94,0.0006023738189451226
Brief,2.53,0.019937345065091476
Brille,2.04,0.004751935350635952
Brombeere,2.7,0.0003322196211575645
Brot,1.7,0.008773985490236268
Bruder,1.63,0.02412809831033397
Brunnen,2.46,0.005621569064842518
Brücke,2.21,0.01676329083401249
Buch,1.79,0.08556857230169154
Buche,2.83,0.004656550716585312
Buchladen,2.64,0.0007364494891648659
Burg,2.28,0.01207021401954761
Bus,1.995,0.027046215157633672
Butter,1.88,0.005288620079448373
Bäcker,2.0,0.0027958730858067154
Bär,1.72,0.00584850553731013
Büro,2.73,0.019672145913228627
Bürste,1.995,0.0008507397073160883
Clown,2.06,0.002523484486468997
Couch,2.91,0.0019924494361875525
Cowboy,2.82,0.0013344702771107117
Creme,2.2,0.003244466822934305
Dach,2.0,0.017271090423614285
Dackel,2.57,0.0004664689495288747
Dame,2.5,0.025959798184221106
Dank,2.87,0.028099787585979887
Daumen,1.55,0.0048044958845101975
Decke,1.71,0.0067162290118494596
Deckel,1.95,0.0029249010924209144
Dezember,2.8,0.07557857454813338
Dieb,2.47,0.005333284956031377
Dienstag,2.63,0.07423882506321504
Ding,1.92,0.04693106915211153
Doktor,2.39,0.08077097643440359
Donner,2.21,0.000842994553756205
Donnerstag,2.44,0.08192593049163456
Dose,2.17,0.0037879821057083566
Drache,2.45,0.001122549446148584
Dreck,2.3,0.002497783080037097
Dreirad,1.9,0.00025549744979531263
Dschungel,2.78,0.0019212380168350232
Duft,2.83,0.006290500264678177
Durst,1.61,0.0012965549140186074
Dusche,2.0,0.004334437999848941
Ehering,2.96,0.0003395016863132694
Ei,1.58,0.011302876533824047
Eiche,2.96,0.001887710416372509
Eichhörnchen,2.6,0.000728461214192789
Eidechse,2.93,0.0002751787069728934
Eigelb,2.57,0.0007145801392775422
Eimer,1.85,0.0016488378402872
Einfahrt,2.74,0.0017219247676766517
Einfall,3.0,0.0012619390558062742
Eis,1.64,0.010726053617579466
Eisbär,2.75,0.0031691918028351105
Eisenbahn,2.13,0.0023846274284761116
Elefant,2.165,0.002851895205502194
Ellenbogen,2.44,0.0006139626062596863
Ende,2.17,0.17738836339417682
Engel,2.18,0.008741835577776184
Enkel,2.65,0.004951375949105473
Ente,1.6933333333333334,0.0024437059316391677
Erbse,1.945,0.0007050636725716768
Erdbeere,1.875,0.002088876019147594
Erde,2.06,0.020791708439170258
Erlebnis,2.95,0.012454924711318793
Ernte,2.84,0.004058622546320302
Esel,1.96,0.0016255908023974457
Essenszeit,2.33,8.755844002002579e-05
Esstisch,2.95,2.755376004861317e-06
Eule,2.315,0.0011169229220378168
Euter,2.76,0.0001409062241813743
Faden,2.45,0.0049894765475592484
Fahne,2.88,0.005476147728720405
Fahrer,2.58,0.02487294127682457
Fahrrad,2.21,0.011799967204079217
Fahrt,2.52,0.02400243927186017
Falle,3.0,0.013658086271424726
Familie,2.11,0.09704009405510725
Fantasie,2.6,0.00409763774437233
Farbe,1.84,0.038467711786188005
Faust,2.52,0.005717648331499426
Feder,2.46,0.004302646980902095
Fee,2.0,0.0013123925374415079
Fehler,2.2,0.0298540590786884
Feier,2.88,0.008916234670789759
Feigling,2.88,0.0003586851234563585
Feld,2.12,0.022667089126781517
Fenster,1.68,0.019238915133909653
Ferien,2.74,0.007840190877630788
Fernrohr,2.93,0.00029433898969577363
Fernsehen,2.52,0.01773724678847034
Ferse,2.65,0.001206102171472467
Feuer,1.79,0.016413855901429596
Feuerwehrmann,2.2,0.0024216513463901725
Fibel,2.83,0.0001355343986929052
Fieber,2.74,0.0020983114453827284
Figur,2.7,0.01928942650159541
Film,2.56,0.07360585267796384
Filzstift,2.47,0.0002058427956572866
Finger,1.58,0.0104177177808674
Fisch,1.575,0.01151948613487848
Fischer,2.615,0.023528676679965485
Fischstäbchen,3.0,0.00012906273824451244
Flamme,2.41,0.006479590837314311
Flasche,2.0,0.00893869445839241
Fleisch,2.14,0.009829699702451808
Fleischer,3.0,0.001390457665175877
Fliegen,2.7,8.237184989322802e-05
Flieger,2.71,0.002431711941970948
Flughafen,2.93,0.01934665265114175
Flugzeug,2.335,0.011561291440565682
Fluss,1.89,0.00036902357207964067
Flöte,2.585,0.0017247148753118263
Fohlen,2.6,0.0006133953229645678
Form,3.0,0.056025685476190794
Foto,2.0,0.14382218766759458
Fotograf,2.92,0.008594920781550596
Frage,1.84,0.15845597805220293
Frau,2.08,0.21546745139157833
Frechdachs,2.63,5.060398536659166e-05
Fremder,2.11,0.0
Freude,2.64,0.030050790609993477
Freund,1.84,0.06647769495338761
Friseur,2.65,0.002026034922700589
Frisur,2.95,0.002080169957149041
Frosch,2.055,0.0021517171155945995
Frühjahr,2.87,0.017005995466642377
Fuchs,2.055,0.010412311223748617
Funke,2.83,0.002383353935364621
Futter,2.27,0.003161180373442825
Fuß,1.71,0.029472080608501868
Fußball,2.45,0.03840153645323092
Föhn,2.72,0.0006454757721640246
Gabel,1.63,0.001222993321014873
Gang,3.0,0.016446804641386887
Gans,1.8833333333333333,0.0016546380225495342
Garage,2.32,0.005050997842054345
Garten,1.89,0.025962032585771268
Gast,2.88,0.1021487348262717
Geburtstag,1.75,0.03394229612845591
Gedicht,2.74,0.009626473356278129
Gefühl,2.68,0.03400736004924297
Geheul,2.6,6.617533295708944e-05
Geier,2.63,0.0008953698522687789
Geige,2.8,0.0018793053618366717
Gekicher,2.96,5.210902268017137e-05
Geld,2.18,0.09758237057640011
Geländer,2.31,0.001026088131558229
Gemüse,2.18,0.008145065128521619
Geruch,2.39,0.00395256372455335
Gesang,2.36,0.008553590141477675
Geschenk,1.82,0.015412404072973656
Geschichte,2.15,0.09178282506062174
Geschrei,2.38,0.0007094167035709534
Gesicht,2.14,0.029572721295939932
Gespräch,2.53,0.06063329932566456
Gestank,2.48,0.000577204964178028
Gesundheit,2.82,0.018745378667156552
Geweih,2.85,0.0002296918484724728
Gewinn,2.96,0.024934566766210607
Gewitter,2.6,0.002526645064827514
Gewürz,3.0,0.002277769779211952
Giraffe,2.255,0.0006309000646425103
Gitarre,2.55,0.0075933531809936105
Gitter,2.25,0.0021618819060663145
Glas,1.86,0.01386059483057193
Glastür,2.96,0.00018540901982291592
Glocke,2.14,0.003476601462738819
Glück,3.0,0.03842256066678062
Gold,2.33,0.017336409043023644
Gorilla,3.0,0.0006637677641290704
Gras,1.8,0.003701419305757314
Großvater,2.11,0.003588854091911656
Grube,2.92,0.002893156382314487
Gruppe,2.73,0.08596039140046685
Gruß,2.74,0.04260386690857788
Gurke,2.2350000000000003,0.0014558341706357588
Gärtner,2.75,0.0033738768774819513
Gürtel,2.26,0.002071880674714248
Haar,1.78,0.01873713569356218
Hafen,2.72,0.00918483752242332
Hafer,2.92,0.0004069042035414315
Haferbrei,2.44,4.137694891333759e-05
Hagel,2.94,0.0008295881444552411
Hahn,1.84,0.007790513069072553
Hai,2.85,0.002031939299853863
Halle,2.39,0.028443700189342957
Hammer,2.145,0.006508441244894624
Hamster,2.665,0.0005198514653205365
Hand,1.46,0.07814878465458398
Handschuh,2.25,0.0025027612803820145
Hase,1.665,0.003886052652503231
Haselnuss,2.63,1.2387614811771466e-06
Haus,1.61,0.1546238983532067
Haustier,2.07,0.0023342897189419227
Heirat,3.0,0.002058856313346731
Heizung,2.63,0.004211939539733657
Held,2.81,0.01104778428638239
Helm,2.69,0.00395342043810108
Hemd,1.875,0.0032815370496887836
Henne,3.0,0.0008380742394618098
Herbst,2.18,0.028061385980063396
Herd,2.21,0.0021294425633536194
Herr,2.56,0.07124154325322105
Herz,2.44,0.039447398459647565
Hexe,2.24,0.003368030386379199
Hilfe,2.18,0.060849295334583456
Himbeere,2.43,0.0008124307190804324
Himmel,1.85,0.018298625706435572
Hirsch,2.925,0.0035767674845626008
Hirte,2.56,0.0015449208023895732
Hitze,2.68,0.006351894209862125
Hocker,2.12,0.0009345818628925827
Honig,2.2,0.0034815333542433185
Hose,1.635,0.008462847968678923
Hosenträger,2.95,0.00018797916046610588
Hubschrauber,2.615,0.003242903899570203
Huf,2.58,0.00019487917768836363
Huhn,1.8133333333333328,0.004087472953900615
Hund,1.4,0.02720535548772957
Hunger,1.71,0.005478521056791819
Hupe,2.0,0.00043473581663255173
Hut,2.25,0.007863738922983258
Höflichkeit,2.89,0.0006495972589612121
Höhe,2.63,0.059729686499801406
Hütte,2.5,0.005916811076926439
Idee,2.84,0.062234485369161804
Igel,1.84,0.0015563243543424657
Impfung,2.88,0.004638177684149535
Insekt,2.56,0.003500404206713587
Insel,2.46,0.02153736181036817
Instrument,2.79,0.014435484352729065
Jacke,1.775,0.004896986216034723
Januar,2.93,0.08298176047595114
Joghurt,2.38,0.0014258260420450003
Juni,2.92,0.08791215852034734
Jäger,2.5,0.007935818633093622
Kabel,2.5,0.0070473256436268915
Kaffee,2.47,0.017755203041342357
Kakao,2.08,0.001374226416609425
Kaktus,3.0,0.00031169322764235813
Kalender,2.94,0.006341532606818634
Kamel,2.47,0.0007757193858391919
Kamera,2.8,0.022030886699911167
Kamm,2.32,0.0010505507765089515
Kammer,2.74,0.007603714784037102
Kampf,2.53,0.04176979838381221
Kanne,2.36,0.000707819048576538
Kante,3.0,0.0012972032377844573
Kapitän,3.0,0.010566542816760225
Kappe,2.82,0.00105026134625634
Karotte,3.0,0.0010582959300688348
Karte,2.53,0.04825175097198783
Kartoffel,1.95,0.005026361538952056
Kartoffelpüree,2.26,0.00013209596729188078
Karton,2.54,0.0025411513090884017
Kasse,2.58,0.017237319701739577
Kassette,2.83,0.0008528930683955177
Kastanie,2.52,0.0009387033496897701
Kater,2.45,0.002767925700614551
Katze,1.51,0.010019484907694208
Kauf,2.92,0.021049683411927925
Keks,1.68,0.0019049025733776312
Keller,2.0,0.015855788065554238
Kerze,2.0,0.0043404928807335725
Ketchup,2.42,0.00043524521387714794
Kette,2.07,0.0052435152688814
Kind,1.31,0.2655073603502504
Kindergärtner,2.5,6.746040327868442e-05
Kirche,2.48,0.0677433271392172
Kirsche,2.24,0.001391870084808621
Kissen,1.79,0.001892526535775964
Klavier,2.565,0.007837018722062166
Kleber,2.06,0.00112188954517263
Klee,2.56,0.0012417368241739927
Kleid,2.5,0.009611434560352437
Klettergerüst,2.47,0.0003028250847023423
Klingel,2.09,0.000694736801158499
Klinke,2.37,0.0008855176464698841
Knie,1.88,0.006925243963075368
Knochen,2.52,0.0037297834705132395
Knoten,2.18,0.0024066241276745844
Koch,2.4,0.01612613907591357
Koffer,2.39,0.004421996439868966
Kohlrabi,2.85,0.0003520050732260855
Kommode,3.0,0.00044602359648439956
Kopftuch,2.7,0.001489083918055766
Korb,1.89,0.0032310025275828188
Kraft,2.59,0.047226264855355034
Kralle,2.8,0.0005242855367905445
Kran,2.505,0.001797570258499189
Krankenschwester,2.95,0.0021656560765603685
Krankheit,2.32,0.01765697041360602
Kreide,2.6,0.0008273305884848715
Kreis,1.88,0.06684070995342303
Kreisel,2.3,0.002380228088636417
Kreuz,2.74,0.014006699222090207
Krokodil,2.6900000000000004,0.001008189764736735
Krone,2.21,0.005932035108213804
Krähe,2.75,0.000636561320383591
Kuchen,1.81,0.012162125490566913
Kuckuck,2.215,0.00045910584390243856
Kugel,2.04,0.005881361659586585
Kuh,1.6,0.005246837928181379
Kummer,2.95,0.001975245701972326
Kurve,2.63,0.005111210911807639
Kutsche,2.705,0.0011139591562510753
Käfer,1.83,0.0019201613362953085
Käfig,2.5,0.0013872623551870462
Käse,1.79,0.004183806919179821
König,2.5,0.02231237498639099
Körper,2.36,0.026105080593821967
Küchentisch,2.35,0.00043170258758518337
Küken,2.21,0.0009169497719034911
Kürbis,2.67,0.0016409306057858543
LKW,2.4,0.0012022585377177864
Lamm,2.18,0.0015194856717900761
Lampe,1.71,0.004129035138175623
Laterne,2.17,0.002192492049582505
Lauer,2.96,0.00025269576495003343
Laus,2.84,0.00038223316880882873
Leben,2.53,0.14369853148646886
Lehrer,2.67,0.02626654794314886
Lehrerin,2.61,0.006788285567539615
Leine,3.0,0.001704489489259336
Leiter,2.47,0.03073136848319422
Lenkrad,2.64,0.0013389159257908242
Leopard,3.0,0.0007849232678722371
Leute,2.59,0.07453890634912262
Licht,1.96,0.030621072402529037
Lied,1.61,0.025669985883676177
Limonade,2.42,0.0004631462902288949
Lineal,2.8,0.0002446611811375387
Linie,2.58,0.02930671173936977
Lippe,2.26,0.005886756639495263
Liter,3.0,0.014115142949138676
Lob,2.93,0.00904830748366143
Loch,1.96,0.009715455793141004
Locke,2.29,0.0009002901665631742
Lokführer,2.95,0.0013355932664908443
Luft,2.13,0.026556823332097967
Lupe,2.88,0.0037047072334269807
Lutscher,1.63,9.269872130640573e-05
Lätzchen,1.8,6.020149254318844e-07
Löffel,1.63,0.001341405025963283
Löwe,2.04,0.008021872035800067
Lüge,2.53,0.00443252012385392
Mahlzeit,2.78,0.003488977500340486
Mai,2.56,0.09558133085031506
Mais,2.7,0.001718555799536254
Maler,2.62,0.008490158607315343
Mama,1.19,0.005985243965853899
Mann,1.73,0.18089324798120082
Mantel,2.6500000000000004,0.0033031980097942273
Mappe,2.94,0.000614356231403238
Marienkäfer,2.05,0.0003088568111667656
Markt,3.0,0.06457318600515352
Maske,2.53,0.007166258323030002
Matratze,2.63,0.0018976320854320306
Matte,2.76,0.0019733701939354037
Mauer,1.88,0.010023814784273277
Maul,2.16,0.0015168807995165727
Maulwurf,2.5,0.0006319535907620161
Maus,1.665,0.006536874872911176
Medaille,2.93,0.007188046632446594
Medizin,2.86,0.009609697978836767
Meer,2.25,0.015221704268133003
Meerschweinchen,2.75,0.0005565627985617771
Meise,2.65,0.0003508357750055351
Melone,2.59,0.000513912356536949
Menge,2.88,0.0330048083858271
Mensch,2.18,0.25829495526774404
Messer,1.64,0.006549551917975559
Metzger,2.9,0.002222812762846084
Milch,1.65,0.006971379145341639
Minute,2.71,0.13902247317085753
Mist,2.35,0.002702549195154669
Mittag,1.79,0.005875642517794983
Mittagessen,1.79,1.7365815156688973e-06
Mitte,2.52,0.04939358805017044
Mohrrübe,2.25,6.82939624062055e-05
Moment,2.88,0.035024533729020764
Monat,3.0,0.1286192037482005
Mond,1.59,0.004758789059017793
Montag,2.39,0.0842457486979459
Moos,2.53,0.0018598672260712844
Motor,2.86,0.012594742677750348
Motorrad,2.47,0.005488106986758311
Mund,1.42,0.009912279942126916
Murmel,2.0,0.00031411286455419014
Muschel,2.635,0.0011144917079158804
Musik,1.94,0.0688589302593031
Musiker,2.18,0.02211233237299604
Mutter,1.72,0.052933806282433264
März,2.76,0.08996622186871082
Möhre,1.96,0.001097820525365459
Möwe,2.55,0.0006762943054620953
Mühle,2.94,0.0058871734190590235
Müllmann,2.75,0.00017967830082120856
Mütze,1.95,0.0024244761856556606
Nabel,2.71,0.00029822893229087194
Nachbar,2.37,0.015664312587636585
Nachmittag,2.37,0.020364243110483307
Nacht,1.67,0.052625921956915275
Nachthemd,1.9,0.00019942902125941615
Nachttisch,2.85,0.0003087757706960344
Nadel,2.44,0.00222236125165201
Nagel,2.11,0.006547525906207279
Name,1.5,0.02526889343960718
Nase,1.47,0.010840390144571105
Natur,2.38,0.028296924319638622
Nebel,2.33,0.0036719553060414654
Nest,2.48,0.0025948116779225708
Neugier,2.9,0.00212728920227419
Notfall,2.94,0.006389045477087335
November,2.63,0.08308714781953204
Nudel,1.74,0.002057293389982629
Nummer,2.76,0.025012631893944974
Nuss,2.29,0.00013251274685564132
Nähe,2.68,0.027526704108599045
Obst,1.96,0.005763945594707159
Ochse,3.0,0.0007771896915224583
Ofen,2.33,0.0040803992785267895
Oktober,2.26,0.08836291719576446
Omnibus,2.95,0.0004896812557883156
Onkel,1.78,0.003971226187241738
Ordnung,2.78,0.016176048428673897
Osterei,2.09,0.0009218469317776774
Paket,2.77,0.008761968346147838
Panther,2.75,0.0019020314252717252
Papa,1.21,0.005373295794152388
Papagei,2.435,0.000641099586744539
Papagei ,2.6,0.000641099586744539
Papier,1.91,0.014141041168142352
Pappe,2.65,0.0009546683224238195
Park,2.44,0.018152498160497087
Patient,3.0,0.030720011240081745
Pause,2.65,0.02604550427062442
Pech,2.88,0.004585246679551947
Pedal,2.84,0.0013817400259672193
Perle,2.92,0.0026336995266634496
Person,2.71,0.09100994209125815
Pfad,2.94,0.0030393997003540173
Pfanne,2.32,0.0027913695510760807
Pfau,2.93,0.0005416513519472335
Pfeife,2.81,0.0014602450876855578
Pfeil,2.64,0.0023325878690565673
Pfennig,2.68,0.0024883939626423805
Pferd,1.73,0.014579470114798225
Pfirsich,2.85,0.0005027403487861457
Pflanze,1.96,0.014700000449195751
Pflaster,2.0,0.00210631129756491
Pflaume,2.65,0.0006910436711351765
Pfote,2.36,0.0009245444217320164
Photo,2.24,0.0024852449614939675
Pilot,2.53,0.006053688431991462
Pilz,2.0,0.00448486069073618
Pinguin,2.31,0.0017239044706045142
Pinsel,2.23,0.0024713291549484074
Pirat,2.63,0.004254775217120156
Pizza,2.52,0.0029360267913313
Platz,2.35,0.15171655988851424
Polizei,1.84,0.09968853137023367
Polizist,2.31,0.017733646276127852
Pony,2.105,0.0015065191964730817
Portion,2.95,0.004245004051791993
Post,2.64,0.03201719132344599
Postbote,2.52,0.0004876205123897219
Prinz,2.17,0.009759958588782544
Prinzessin,1.79,0.00525816043966354
Pullover,2.37,0.0017755851365108205
Pulver,3.0,0.0018544490917423975
Pumpe,2.94,0.0020037372160394
Punkt,2.47,0.10562568360531364
Puppe,1.41,0.002985774063150162
Rabe,2.85,0.001904370021712826
Rad,2.0,0.013912275496478235
Radfahren,2.45,0.0021988826695601665
Radieschen,2.84,0.0003708296168559363
Radio,2.21,0.011688953336387555
Rakete,2.67,0.0041457410523563585
Ratte,2.745,0.001772042510218856
Raubtier,2.59,0.0006246020623456844
Raum,2.61,0.06359572215603403
Raupe,2.21,0.0009452213189785807
Regal,2.21,0.004513965796938791
Regen,1.74,0.012805447901651508
Regentag,3.0,0.0002940264050229532
Regenwurm,2.45,0.0002918961983637327
Reh,2.3,0.00207001674388743
Reifen,2.35,0.00463442666807569
Reifenquietschen,3.0,6.135921355363437e-06
Reihe,2.22,0.039816456763357516
Reis,2.08,0.0031370766220053404
Reise,2.52,0.03817748270607932
Reiten,3.0,0.0017068049312802278
Reiter,2.21,0.006100379320342747
Rest,2.47,0.019086813747557267
Riese,2.33,0.002729142046764612
Rind,2.41,0.0026531376624288365
Rinde,2.96,0.0006307727153313612
Ring,2.47,0.016371691702229154
Ritter,2.26,0.006308178664507687
Robbe,2.93,0.0014181503517457438
Roboter,2.91,0.0031828066019179545
Rock,2.09,0.01286189837812085
Rodeln,2.05,0.0003879523106004316
Rolle,2.47,0.055186268280356866
Rose,2.0,0.008134981378520636
Rotkohl,2.85,0.0002899859586964969
Rucksack,2.64,0.004030814087649391
Ruhe,2.29,0.019975399354704833
Rüssel,2.17,0.00035723797219330106
Sache,2.83,0.06561661679744824
Sack,2.07,0.005002628258237914
Sahne,2.0,0.002189690364737226
Salat,2.425,0.0043432135251081205
Salbe,2.06,0.0005957748091855808
Salz,2.23,0.008410773677629066
Samstag,2.71,0.12427933603681257
Sand,1.67,0.009308343199817692
Sandale,2.36,0.00066784294208584
Satz,2.82,0.04714835023135202
Sauerkirsche,2.85,0.00013195704077062725
Schachtel,2.42,0.0010172084114081087
Schaf,1.79,0.004744780634791396
Schal,2.12,0.0019826203848088667
Schale,2.47,0.0029376012919055065
Schatten,2.25,0.009856894568987182
Schatz,2.63,0.006521384565791409
Schauer,3.0,0.0017772754091860716
Schaufel,2.0,0.000883399017020768
Schaukel,1.82,0.0007158420551789283
Schaukelstuhl,2.85,0.00012422346442084845
Schaum,1.93,0.0010381400072769712
Schere,2.04,0.0018529903632692355
Scheune,2.42,0.0023605236770386276
Scheunentor,2.86,9.742222302902513e-05
Schiff,1.79,0.01659596541637274
Schildkröte,2.6,0.00098956203367866
Schirm,2.33,0.001996293069942233
Schlaf,1.75,0.005303624143743752
Schlafanzug,2.0,0.0003039712285026838
Schlag,2.35,0.010980891166398825
Schlange,2.0,0.0049900090992240536
Schleim,2.96,0.0003387375904463751
Schlitten,1.8,0.0011470236683094111
Schmerz,2.21,0.01084650291150626
Schmetterling,2.15,0.002919992355336624
Schmuck,2.41,0.0054341571876715304
Schmutz,2.21,0.0016039877283425246
Schnecke,1.84,0.00137893834112194
Schnee,1.82,0.011308086278371054
Schokolade,1.4,0.0049550111930782735
Schrank,1.995,0.003947874954461044
Schraube,2.52,0.0019682762214894415
Schreck,2.86,0.0011986580253752995
Schrei,2.26,0.0020694726150125202
Schrift,2.72,0.006646175313507376
Schritt,2.12,0.048089808957046655
Schrott,2.95,0.0015390974657070301
Schuh,1.86,0.014147570714641266
Schuhmacher,2.94,0.0006895502110317013
Schuld,2.83,0.01670721082826649
Schule,2.23,0.08681557675646306
Schulter,2.33,0.008224693179620091
Schwamm,2.5,0.0007873429047840691
Schwan,2.215,0.0022939547189379864
Schwein,1.715,0.004244772507589903
Schwert,2.44,0.0024545190458767326
Schwester,1.79,0.016412976033461656
Schwimmen,2.25,0.005069810808474092
Schwimmer,2.55,0.0023412128905843893
Schürze,2.63,0.0005671096369669395
See,2.16,0.02283955482570765
Segel,2.88,0.0025896945510563998
Seife,1.85,0.001517216538609602
Seil,2.11,0.0022676976064210726
Seite,2.26,0.1585955413200122
September,2.71,0.09523012460458617
Sessel,2.0250000000000004,0.0019413707852066779
Shampoo,2.79,0.0012457078072398223
Sieb,2.675,0.0007292021556394744
Sieg,2.64,0.06645529305183548
Sieger,2.36,0.01637030243701662
Silber,2.56,0.008415161440258655
Sirene,2.5,0.0010740640902311084
Sitz,2.0,0.020757092580957925
Sitzplatz,2.76,0.0026352161411871337
Ski,2.94,0.0045005593876378275
Socke,1.905,0.0005560186696868675
Sofa,2.145,0.0036601928605753346
Sohle,3.0,0.0013178454034007082
Sohn,2.25,0.04104637325601486
Sommer,2.06,0.0490170277143128
Sonne,1.58,0.022256723337418852
Sonnenschein,2.36,0.004377539953067842
Sonntag,2.3,0.14706792798364038
Sorge,2.94,0.024079531913945764
Soße,2.11,0.0012727637472539437
Spaten,2.6,0.0005107980870188494
Spatz,2.55,0.00115667906153653
Spaß,1.93,0.04407786572186753
Specht,2.65,0.0008105667882536145
Spiegel,2.0,0.01694992703810648
Spiel,1.73,0.1710279020488374
Spinat,2.15,0.0008420336453175348
Spinne,2.075,0.001630186954808916
Sport,2.89,0.043680593757133006
Spritze,2.71,0.0014183355871074152
Sprung,2.44,0.010684074653740697
Spüle,2.76,0.00019069980484065382
Spülung,2.72,0.00035720324056298766
Stachelbeere,2.8,0.00013081089697028578
Stamm,2.83,0.004971531871897337
Start,2.68,0.03829693635993713
Staub,2.57,0.00399516785773776
Stein,1.58,0.021348375432622975
Stelle,2.81,0.06341493244304279
Stempel,2.5,0.002297346841498593
Stern,1.88,0.018440284449273737
Stich,2.31,0.003796340851403776
Stiefel,2.11,0.0020423587889478764
Stopp,1.86,0.0021389127212190673
Storch,2.25,0.001889898509082252
Strand,2.68,0.010113584471423255
Straße,1.96,0.12422533992888536
Streich,2.8,0.001739498972615221
Strickjacke,2.85,0.0003381587299411521
Strumpf,1.99,0.0007798292954262749
Stube,2.76,0.0014847077326362802
Stufe,2.0,0.009148774512947929
Stuhl,1.645,0.007360002934128129
Stunde,2.63,0.09797650511719633
Sturm,2.59,0.012646898009270937
Sturz,2.1,0.005946599238525214
Suppe,2.0,0.0033101674902771116
Säge,2.63,0.0009207470968177538
Sänger,2.7,0.015279451392134045
Süßkirsche,3.0,7.741680396851944e-05
Tablett,2.88,0.000551318322384457
Tablette,2.47,0.004031230867213151
Tafel,2.71,0.006872567657100079
Tag,1.8,0.2891029533046197
Tanne,2.33,0.0012118328904741744
Tante,1.9,0.0035021523654393603
Tanz,2.33,0.014162262194263826
Tanzen,2.65,0.003479611537365978
Tapete,3.0,0.001107776926055294
Tasche,1.65,0.013579037080831479
Taschentuch,1.96,0.0006433108338744907
Tasse,1.88,0.003704336762703638
Taste,3.0,0.003013327823198775
Taube,2.305,0.0025970345022626267
Teddy,1.65,0.000905303098538405
Teelöffel,2.5,0.0006746503416272621
Teig,2.5,0.0039941143316182546
Teil,2.25,0.1324247021727969
Telefon,2.0,0.07339533268942434
Teller,1.89,0.0038281318703506212
Teppich,2.0,0.004322386124130198
Tiefe,3.0,0.00859994529073593
Tier,1.67,0.04253277126132639
Tiger,2.39,0.004626808863826956
Tisch,1.5550000000000002,0.025076781215133785
Toast,2.4,0.0005558681659555095
Toaster,2.79,0.00035106731920762425
Tochter,2.06,0.03334089479515956
Toilette,1.7,0.004738644713436033
Tomate,2.085,0.0034898110594680067
Ton,2.64,0.016690122866152308
Tonne,2.38,0.01714071946062797
Torte,2.17,0.0018736325288854865
Traktor,2.315,0.0035424063249725655
Traube,2.78,0.0020263011985329916
Traum,2.0,0.020111663117634317
Treppe,1.88,0.004928337300997599
Treppenhaus,2.82,0.0018712592008140723
Tritt,2.5,0.002129326791252575
Trommel,1.97,0.0017850205627459549
Trommler,2.67,0.0005009921900603724
Trompete,2.8,0.002504208431645072
Tropfen,1.95,0.004090934539721848
Trost,2.8,0.0033829997190442654
Truhe,2.765,0.00037921151697156485
Träne,2.26,0.006117745135499435
Tuch,2.2,0.0036264568703309403
Tulpe,2.75,0.0006989856372668356
Tunnel,2.28,0.004946397748760555
Turm,2.0,0.008642016872255536
Tür,1.84,0.02219047854120114
Uhr,1.89,1.0
Uhu,2.2,0.0003940882319557951
Unfall,2.38,0.025406696971480562
Unkraut,2.96,0.0010934674943661822
Unsinn,2.5,0.0026191469735621442
Unterhemd,2.2,0.00017068280857004367
Unterhose,2.1,0.0006552585147022928
Unterwäsche,2.85,0.0009113927110533507
Urlaub,2.56,0.020415912199179508
Urwald,2.81,0.0009219974355090353
Vanille,2.84,0.001019986941833179
Vase,2.63,0.0008958097862527484
Vater,1.5,0.04951373633663452
Veilchen,2.74,0.0004688654320204978
Verkehr,3.0,0.020143488868211476
Verkäufer,2.65,0.00534757123330028
Verletzung,2.76,0.01918750074383575
Versteck,2.08,0.0014125701364753943
Vogel,1.93,0.015435188022459231
Vorsicht,2.16,0.0061474059477870605
Waage,2.47,0.0027370724356861665
Wachs,2.96,0.0016099384143362168
Waffel,2.5,0.001175758303788679
Wahrheit,2.56,0.015481786293129681
Wal,2.645,0.0016424587975196428
Wald,2.0,0.02861742780417047
Walnuss,2.61,1.5281917337886294e-06
Wand,1.81,0.01810715022851792
Wange,2.31,0.0023096302614194243
Wanne,2.16,0.0009158846685738808
Warnung,3.0,0.00486621399157707
Wasser,1.54,0.05757424152255317
Watte,2.71,0.00029524201208392146
Wecker,2.68,0.0019267256144245369
Weintraube,2.6,0.00034199078648572813
Welle,2.68,0.009347034235986795
Welpe,2.72,0.0010923560821961542
Welt,2.47,0.13099390950761708
Wespe,2.495,0.0008923366232214105
Wichtel,2.81,0.00027736679968263627
Wiege,2.63,0.0014741724714412224
Wiese,2.08,0.009184895408473842
Wildschwein,2.9,0.0016290060793782612
Wind,1.95,0.014487489180518297
Winter,1.94,0.027833940110351188
Woche,2.52,0.17965014504623453
Wochenende,2.44,0.0575657438503365
Wohnung,2.2,0.04209280254572662
Wolf,2.05,0.01885257205551374
Wolke,1.74,0.006349300914798726
Wort,2.43,0.07554610047379037
Wunde,2.55,0.003586677576412018
Wunder,2.8,0.01352610607623389
Wunsch,2.58,0.03579654840762653
Wurm,2.07,0.001735574298389809
Wurst,1.84,0.003290393615418695
Würfel,2.29,0.002072864737573127
Zahl,2.36,0.07599915143680819
Zahn,1.59,0.007871750352375544
Zahnarzt,2.47,0.0050980823555491816
Zange,2.6,0.0005442793786409458
Zank,2.74,0.00015680173365479697
Zauber,3.0,0.0022523693802427684
Zauberei,2.89,0.0006432066389835505
Zauberer,2.33,0.001971795693361197
Zebra,2.225,0.0009127935534759902
Zeitung,2.23,0.04886643136527399
Zeitungspapier,2.93,0.0002736389380290004
Zettel,2.24,0.0029550365703228222
Ziege,2.15,0.0020668098566884946
Ziel,2.84,0.08765859446463947
Zimmer,1.96,0.01932110174844121
Zirkus,2.23,0.0028739266363309803
Zitrone,2.385,0.0018496677039692557
Zopf,2.05,0.0009131061381488105
Zucker,2.12,0.007333977365813304
Zug,1.865,0.04395512414034005
Zuhause,2.12,0.0070073842687665075
Zunge,1.96,0.002943389896957736
Zwieback,1.9,0.00012382983927729683
Zwiebel,2.4000000000000004,0.0036536864684966284
Ärger,2.17,0.007531195139942768
Überraschung,2.26,0.014697407154132354
